City_ID,City,Lat,Lng,Max Temp,Humidity,Cloudiness,Wind Speed,Country,Date
0,mirny,62.5353,113.9611,17.5,58,98,1.27,RU,1691028834
1,ilulissat,69.2167,-51.1,7.01,87,75,0.0,GL,1691028316
2,wailua homesteads,22.0669,-159.378,30.24,76,75,7.72,US,1691028321
3,lebu,-37.6167,-73.65,8.25,76,3,9.44,CL,1691028313
4,new norfolk,-42.7826,147.0587,17.72,45,98,4.8,AU,1691028318
5,zyryanovsk,49.7386,84.2719,18.63,81,100,1.71,KZ,1691028834
6,igugunu,-4.5667,34.6333,16.97,63,99,6.32,TZ,1691028834
7,ushuaia,-54.8,-68.3,1.81,75,100,4.63,AR,1691028308
8,kidal,18.4411,1.4078,33.26,35,52,4.48,ML,1691028834
9,bubaque,11.2833,-15.8333,26.56,84,100,5.83,GW,1691028354
10,port-gentil,-0.7193,8.7815,22.59,79,38,3.63,GA,1691028834
11,bethel,41.3712,-73.414,21.2,77,0,2.06,US,1691028305
12,albany,42.6001,-73.9662,17.73,78,8,1.32,US,1691028788
13,udachny,66.4167,112.4,9.14,81,26,7.96,RU,1691028334
14,berezovyy,51.6667,135.7,20.86,50,41,2.84,RU,1691028834
15,saint-pierre,-21.3393,55.4781,20.82,88,75,7.2,RE,1691028798
16,egilsstadir,65.2653,-14.3948,6.95,93,75,1.54,IS,1691028358
17,iqaluit,63.7506,-68.5145,6.85,93,75,1.54,CA,1691028304
18,revda,56.801,59.9303,16.81,93,95,0.93,RU,1691028835
19,georgetown,5.4112,100.3354,29.96,79,20,1.54,MY,1691028075
20,kodiak,57.79,-152.4072,14.73,77,0,2.57,US,1691028311
21,alofi,-19.0595,-169.9187,19.94,94,100,7.2,NU,1691028335
22,isafjordur,66.0755,-23.124,9.32,86,9,1.47,IS,1691028314
23,gizo,-8.103,156.8419,27.17,83,98,5.77,SB,1691028835
24,vila franca do campo,37.7167,-25.4333,23.23,93,100,2.25,PT,1691028340
25,port lincoln,-34.7333,135.8667,20.28,45,80,11.7,AU,1691028354
26,papatowai,-46.5619,169.4708,10.17,83,72,4.73,NZ,1691028304
27,grytviken,-54.2811,-36.5092,-0.4,97,100,3.65,GS,1691028307
28,wajir,1.7471,40.0573,22.95,67,100,5.64,KE,1691028835
29,waitangi,-43.9535,-176.5597,8.79,80,100,2.68,NZ,1691028304
30,stanley,54.868,-1.6985,12.06,92,19,4.2,GB,1691028318
31,villa gesell,-37.2639,-56.973,8.36,60,98,8.6,AR,1691028835
32,taroa,8.7058,171.2275,28.35,77,11,5.44,MH,1691028836
33,lensk,60.7253,114.9278,24.19,37,0,1.1,RU,1691028836
34,vadso,70.0744,29.7487,18.49,94,99,5.14,NO,1691028334
35,almeirim,-1.5233,-52.5817,25.74,69,4,1.12,BR,1691028836
36,taoudenni,22.6783,-3.9836,38.63,7,30,0.37,ML,1691028781
37,linhares,-19.3911,-40.0722,18.0,84,0,0.61,BR,1691028836
38,margaret river,-33.95,115.0667,10.41,69,86,3.74,AU,1691028307
39,nizhnyaya poyma,56.1622,97.1933,21.19,77,100,0.81,RU,1691028836
40,sao sebastiao,-23.76,-45.4097,19.46,78,0,2.1,BR,1691028836
41,dudinka,69.4058,86.1778,15.9,42,16,7.29,RU,1691028320
42,olonkinbyen,70.9221,-8.7187,6.46,81,100,2.8,SJ,1691028307
43,peace river,56.2501,-117.286,21.17,64,100,4.12,CA,1691028344
44,blackmans bay,-43.0167,147.3167,17.07,52,100,5.23,AU,1691028206
45,tiksi,71.6872,128.8694,5.55,93,100,5.53,RU,1691028312
46,hermanus,-34.4187,19.2345,9.33,50,91,4.11,ZA,1691028321
47,blythe,33.6103,-114.5964,43.25,11,75,5.66,US,1691028836
48,edinburgh of the seven seas,-37.0676,-12.3116,13.36,81,100,14.07,SH,1691028305
49,oranjemund,-28.55,16.4333,17.57,28,0,2.38,NA,1691028335
50,tidjikja,18.5564,-11.4271,31.41,39,3,6.89,MR,1691028836
51,hawaiian paradise park,19.5933,-154.9731,27.8,62,20,4.12,US,1691028317
52,thompson,55.7435,-97.8558,21.09,73,40,1.54,CA,1691028320
53,crane,31.3974,-102.3501,33.14,23,7,8.21,US,1691028346
54,dryden,49.7833,-92.7503,21.16,94,75,0.0,CA,1691028143
55,ust-nera,64.5667,143.2,18.68,38,88,1.61,RU,1691028344
56,port mathurin,-19.6833,63.4167,23.24,78,7,6.6,MU,1691028307
57,kloulklubed,7.0419,134.2556,27.28,73,100,2.32,PW,1691028837
58,fale old settlement,-9.3852,-171.2468,28.38,75,73,5.51,TK,1691028308
59,west island,-12.1568,96.8225,24.99,65,40,9.77,CC,1691028319
60,dubbo,-32.25,148.6167,19.07,52,33,2.57,AU,1691028309
61,anadyr,64.75,177.4833,14.28,82,40,10.0,RU,1691028323
62,luderitz,-26.6481,15.1594,18.15,28,0,1.94,NA,1691028315
63,vorgashor,67.5833,63.95,20.47,66,0,3.8,RU,1691028327
64,at taj,24.2049,23.2857,28.46,24,1,4.14,LY,1691028793
65,klaksvik,62.2266,-6.589,10.51,98,100,8.51,FO,1691028363
66,floro,61.5996,5.0328,14.98,94,100,2.57,NO,1691028837
67,port-aux-francais,-49.35,70.2167,2.56,81,100,14.37,TF,1691028304
68,mejit,10.2753,170.8646,28.51,76,11,5.59,MH,1691028315
69,nyurba,63.2842,118.3319,22.98,39,28,2.54,RU,1691028772
70,haiku-pauwela,20.9219,-156.3051,28.01,68,40,11.32,US,1691028344
71,hithadhoo,-0.6,73.0833,27.18,74,52,2.55,MV,1691028305
72,puerto ayora,-0.7393,-90.3518,24.19,91,25,1.79,EC,1691028311
73,fort bragg,35.139,-79.006,23.84,67,0,1.54,US,1691028338
74,puerto natales,-51.7236,-72.4875,3.66,93,100,7.19,CL,1691028313
75,gadzhiyevo,69.2551,33.3362,16.76,68,16,3.34,RU,1691028327
76,monrovia,6.3005,-10.7969,23.87,91,92,4.52,LR,1691028838
77,adamstown,-25.066,-130.1015,21.33,73,44,8.39,PN,1691028303
78,paradsasvar,47.9126,19.9771,15.98,63,0,1.38,HU,1691028838
79,arraial do cabo,-22.9661,-42.0278,18.98,88,0,4.63,BR,1691028112
80,sidi yahia el gharb,34.3065,-6.3062,22.37,89,0,2.61,MA,1691028839
81,opuwo,-18.0607,13.84,13.04,18,0,1.7,NA,1691028839
82,titao,13.7667,-2.0667,27.66,67,38,5.49,BF,1691028839
83,ulladulla,-35.35,150.4667,21.95,39,0,3.31,AU,1691028839
84,utrik,11.2278,169.8474,28.54,76,11,5.72,MH,1691028306
85,gebeit,21.0667,36.3167,30.06,37,11,1.4,SD,1691028839
86,al kharj,24.155,47.3346,32.32,13,0,2.47,SA,1691028839
87,remire-montjoly,4.9167,-52.2667,25.02,94,0,0.0,GF,1691028313
88,cerritos,33.8583,-118.0648,32.72,59,0,6.17,US,1691028736
89,raduzhny,62.0961,77.475,21.62,73,12,3.93,RU,1691028840
90,francisco sa,-16.4758,-43.4883,17.53,63,0,2.37,BR,1691028840
91,cartagena del chaira,1.3349,-74.8429,22.44,88,18,0.66,CO,1691028840
92,el nido,11.1858,119.3956,29.4,71,100,6.42,PH,1691028840
93,bredasdorp,-34.5322,20.0403,9.36,55,69,2.42,ZA,1691028309
94,victorica,-36.2151,-65.4359,9.47,29,69,3.62,AR,1691028840
95,wegorzewo,54.2157,21.7372,18.48,64,100,6.83,PL,1691028840
96,al ain city,24.1917,55.7606,34.79,41,8,2.06,AE,1691028804
97,kutum,14.2,24.6667,25.27,54,100,0.89,SD,1691028840
98,enewetak,11.3474,162.3373,28.65,77,80,5.41,MH,1691028330
99,atafu village,-8.5421,-172.5159,28.51,73,86,4.9,TK,1691028333
100,malango,-2.9627,119.9001,26.5,62,43,1.86,ID,1691028314
101,whitehorse,60.7161,-135.0538,25.43,35,75,1.54,CA,1691028095
102,invercargill,-46.4,168.35,10.01,97,83,2.68,NZ,1691028319
103,bucerias,20.75,-105.3333,27.99,89,75,3.6,MX,1691028679
104,bamboo flat,11.7,92.7167,30.05,74,75,6.17,IN,1691028841
105,ayancik,41.9447,34.5861,23.18,76,42,1.12,TR,1691028841
106,labytnangi,66.6572,66.4183,19.73,66,0,7.48,RU,1691028362
107,kone,-21.0595,164.8658,22.7,51,97,3.43,NC,1691028841
108,ribeira grande,38.5167,-28.7,23.21,83,100,4.02,PT,1691028331
109,avarua,-21.2078,-159.775,24.03,88,75,5.14,CK,1691028307
110,ulsteinvik,62.3432,5.8487,17.09,87,94,3.13,NO,1691028841
111,westport,41.1415,-73.3579,21.9,69,0,5.66,US,1691028357
112,prince rupert,54.3161,-130.3201,17.83,87,0,6.17,CA,1691028119
113,aykhal,66.0,111.5,11.37,61,42,7.2,RU,1691028320
114,lihue,21.9789,-159.3672,30.58,69,75,7.72,US,1691028308
115,turpan,42.9333,89.1667,37.94,14,5,2.6,CN,1691028788
116,mil'kovo,55.6078,37.7956,18.22,89,49,1.4,RU,1691028334
117,san clemente del tuyu,-36.3569,-56.7235,6.66,72,12,5.7,AR,1691028842
118,yeppoon,-23.1333,150.7333,21.88,60,31,7.94,AU,1691028842
119,kapuskasing,49.4169,-82.4331,18.05,94,40,2.57,CA,1691028354
120,kindu,-2.95,25.95,23.34,78,90,0.6,CD,1691028842
121,fortuna,40.5982,-124.1573,20.52,77,20,5.66,US,1691028315
122,island harbour,50.724,-1.2758,16.63,93,71,0.89,GB,1691028780
123,kristiansund,63.1115,7.732,15.03,88,100,1.54,NO,1691028842
124,hasaki,35.7333,140.8333,37.39,78,98,7.11,JP,1691028772
125,bilibino,68.0546,166.4372,11.15,92,100,2.9,RU,1691028313
126,fasa,28.9383,53.6482,22.58,25,0,2.06,IR,1691028842
127,chimbote,-9.0853,-78.5783,19.85,80,79,3.78,PE,1691028842
128,cheyenne,41.14,-104.8203,19.18,75,0,3.09,US,1691028843
129,brookings,44.3114,-96.7984,27.88,73,75,2.06,US,1691028774
130,howard springs,-12.497,131.047,30.95,35,0,4.5,AU,1691028322
131,punta arenas,-53.15,-70.9167,3.98,94,100,10.86,CL,1691028775
132,port elizabeth,-33.918,25.5701,8.16,93,0,1.54,ZA,1691028205
133,coahuayana de hidalgo,18.7,-103.6583,26.99,91,100,0.82,MX,1691028781
134,chenzhou,25.8,113.0333,31.23,68,13,1.14,CN,1691028843
135,touros,-5.1989,-35.4608,24.52,85,4,4.77,BR,1691028210
136,daru,-9.0763,143.2092,27.02,72,37,6.73,PG,1691028323
137,jamestown,42.097,-79.2353,19.8,72,20,2.57,US,1691028332
138,mohr,54.3528,9.7167,16.69,94,61,2.57,DE,1691028843
139,campos belos,-13.0367,-46.7717,24.71,35,88,2.06,BR,1691028843
140,akdepe,42.0551,59.3788,28.05,22,18,3.14,TM,1691028843
141,inarajan village,13.2736,144.7484,31.54,82,100,2.55,GU,1691028844
142,polyarnyy,69.1989,33.4478,16.81,68,16,3.48,RU,1691028343
143,cockburn town,21.4612,-71.1419,28.64,78,68,5.13,TC,1691028344
144,badger,64.8,-147.5333,25.93,39,75,0.45,US,1691028312
145,vilyuysk,63.7553,121.6247,23.87,36,43,2.16,RU,1691028352
146,tabas,33.5959,56.9244,30.22,20,0,1.16,IR,1691028791
147,oulainen,64.2667,24.8,16.56,98,100,3.66,FI,1691028844
148,maumere,-8.6199,122.2111,27.23,60,31,0.41,ID,1691028844
149,cartagena,10.3997,-75.5144,29.79,79,40,5.66,CO,1691028788
150,zahedan,29.4963,60.8629,25.15,19,0,2.8,IR,1691028793
151,vel'sk,61.0701,42.0983,16.9,85,100,0.79,RU,1691028844
152,leava,-14.3,-178.1667,26.69,82,97,11.02,WF,1691028845
153,at taraf,25.3628,49.725,34.3,20,1,2.89,SA,1691028845
154,pisco,-13.7,-76.2167,19.03,77,100,3.6,PE,1691028845
155,isangel,-19.55,169.2667,23.06,88,100,4.12,VU,1691028359
156,kamaishi,39.2667,141.8833,29.52,66,4,4.78,JP,1691028845
157,aldama,22.9167,-98.0667,29.16,83,14,3.15,MX,1691028845
158,college,64.8569,-147.8028,25.97,37,75,0.89,US,1691028311
159,la ronge,55.1001,-105.2842,20.14,64,40,2.06,CA,1691028845
160,laguna,38.421,-121.4238,31.92,47,0,6.17,US,1691028332
161,longyearbyen,78.2186,15.6401,10.91,76,75,4.12,SJ,1691028320
162,chonchi,-42.6128,-73.8092,2.29,90,39,1.13,CL,1691028309
163,qaqortoq,60.7167,-46.0333,5.89,87,86,2.81,GL,1691028315
164,san antonio de pale,-1.4014,5.6325,21.93,79,100,3.51,GQ,1691028060
165,harper,4.375,-7.7169,24.4,83,100,4.5,LR,1691028565
166,ibshaway,29.358,30.6814,25.73,58,0,3.24,EG,1691028846
167,petawawa,45.9001,-77.3328,20.44,63,100,3.14,CA,1691028789
168,yellowknife,62.456,-114.3525,20.29,49,75,4.12,CA,1691028062
169,kineshma,57.4391,42.1289,15.88,92,4,1.64,RU,1691028846
170,papao,-17.75,-149.55,27.82,64,7,4.47,PF,1691028846
171,slave lake,55.2834,-114.769,19.99,64,100,3.09,CA,1691028846
172,talcahuano,-36.7167,-73.1167,7.82,71,0,2.06,CL,1691028846
173,sittwe,20.15,92.9,27.88,88,100,6.3,MM,1691028847
174,guajara mirim,-10.7828,-65.3394,25.79,45,25,0.78,BR,1691028847
175,novofedorivka,46.1713,32.3178,21.49,86,42,3.6,UA,1691028847
176,tuy hoa,13.0833,109.3,31.56,58,96,5.58,VN,1691028774
177,carnarvon,-24.8667,113.6333,17.2,63,26,7.99,AU,1691028355
178,turgutlu,38.4953,27.6997,24.79,45,0,0.52,TR,1691028847
179,talnakh,69.4865,88.3972,15.67,30,25,1.2,RU,1691028312
180,lompoc,34.6391,-120.4579,20.99,81,75,6.17,US,1691028040
181,selfoss,63.9331,-20.9971,11.58,86,6,3.39,IS,1691028789
182,magadan,59.5667,150.8,19.74,69,100,2.98,RU,1691028847
183,tolanaro,-25.0319,46.9987,19.04,72,75,5.14,MG,1691028320
184,ocean shores,46.9737,-124.1563,21.09,82,0,4.63,US,1691028848
185,nova sintra,14.8667,-24.7167,22.6,84,58,4.81,CV,1691028350
186,oodweyne,9.4092,45.064,21.31,63,94,8.64,SO,1691028810
187,mount pearl,47.5166,-52.7813,16.85,94,100,5.66,CA,1691028848
188,novyy urengoy,66.0833,76.6333,20.34,51,1,5.98,RU,1691028786
189,nar'yan-mar,67.6713,53.087,19.7,68,6,2.51,RU,1691028331
190,afaahiti,-17.75,-149.2833,26.93,65,5,4.2,PF,1691028325
191,sao jose da tapera,-9.5583,-37.3811,20.65,97,87,1.97,BR,1691028848
192,yuzhno-kurilsk,44.0306,145.8556,23.04,75,100,4.73,RU,1691028345
193,ar rutbah,33.0381,40.2848,26.16,32,0,4.84,IQ,1691028848
194,faya-largeau,17.9257,19.1043,30.93,43,21,3.61,TD,1691028848
195,mahajanga,-15.7167,46.3167,21.38,66,1,4.63,MG,1691028849
196,hamilton,39.1834,-84.5333,24.44,73,75,2.57,US,1691028194
197,el calafate,-50.3408,-72.2768,1.74,83,10,8.22,AR,1691028849
198,harstad,68.799,16.5293,18.47,93,100,7.6,NO,1691028791
199,petropavlovsk-kamchatsky,53.0452,158.6483,14.33,88,75,2.0,RU,1691028332
200,st. john's,47.5649,-52.7093,17.31,93,100,3.6,CA,1691028312
201,khandyga,62.6667,135.6,18.05,59,91,1.28,RU,1691028849
202,noumea,-22.2763,166.4572,22.99,99,99,7.18,NC,1691028256
203,swan hill,-35.3378,143.5544,18.54,39,11,5.49,AU,1691028357
204,sitka,57.0531,-135.33,16.94,77,100,2.57,US,1691028342
205,ta`u,-14.2336,-169.5144,27.45,74,20,5.49,AS,1691028795
206,lagunas,-5.2269,-75.6753,24.69,70,4,0.82,PE,1691028849
207,iskateley,67.6803,53.1512,19.65,68,6,2.54,RU,1691028328
208,nidadavole,16.9167,81.6667,29.17,81,100,5.73,IN,1691028849
209,karasburg,-28.0167,18.75,14.22,37,9,9.57,NA,1691028849
210,marsh harbour,26.5412,-77.0636,28.65,71,0,4.62,BS,1691028774
211,anna regina,7.2644,-58.5077,26.56,80,1,1.96,GY,1691028328
212,san patricio,28.017,-97.5169,30.97,69,14,5.6,US,1691028796
213,uturoa,-16.7333,-151.4333,26.28,66,5,5.72,PF,1691028349
214,port douglas,-16.4833,145.4667,23.39,69,18,7.52,AU,1691028341
215,chernyshevskiy,63.0128,112.4714,17.24,72,100,1.33,RU,1691028738
216,markovo,57.3206,107.0881,22.18,40,0,3.74,RU,1691028850
217,port macquarie,-31.4333,152.9167,19.38,53,19,3.61,AU,1691028850
218,waiuku,-37.25,174.75,13.47,52,6,3.13,NZ,1691028850
219,kangaba,11.9333,-8.4167,23.28,92,98,1.34,ML,1691028850
220,dapa,9.7594,126.0531,28.84,71,100,1.26,PH,1691028850
221,jirja,26.3383,31.8916,31.38,21,1,3.67,EG,1691028850
222,rongelap,11.1635,166.8941,28.61,76,12,5.92,MH,1691028851
223,kupang,-10.1667,123.5833,29.32,54,40,7.72,ID,1691028851
224,el tocuyo,9.7873,-69.7937,22.44,93,8,3.16,VE,1691028851
225,suluru,13.7,80.0167,29.64,54,100,5.1,IN,1691028851
226,kenai,60.5544,-151.2583,18.05,92,100,6.17,US,1691028545
227,mirnyy,62.5353,113.9611,17.5,58,98,1.27,RU,1691028342
228,paramonga,-10.6667,-77.8333,19.01,82,30,3.54,PE,1691028851
229,midwest city,35.4495,-97.3967,35.92,50,0,3.09,US,1691028851
230,severo-yeniseyskiy,60.3725,93.0408,19.1,51,99,1.96,RU,1691028341
231,kushiro,42.975,144.3747,26.53,73,75,4.63,JP,1691028852
232,rawson,-43.3002,-65.1023,7.4,39,0,10.43,AR,1691028651
233,weno,7.4515,151.8468,28.71,71,27,1.06,FM,1691028317
234,kita,13.0349,-9.4895,23.54,89,100,0.65,ML,1691028852
235,mogadishu,2.0371,45.3438,24.3,85,100,7.31,SO,1691028852
236,hadibu,12.65,54.0333,26.12,81,42,11.79,YE,1691028355
237,saipan,15.1355,145.701,31.39,100,20,3.09,MP,1691028331
238,namibe,-15.1961,12.1522,18.04,84,1,2.68,AO,1691028350
239,vernon,50.2581,-119.2691,32.2,18,12,6.71,CA,1691028351
240,benguela,-12.5763,13.4055,19.58,90,3,1.06,AO,1691028602
241,ceeldheer,3.8488,47.1806,24.81,78,100,7.86,SO,1691028852
242,kerikeri,-35.2268,173.9474,16.62,57,10,2.68,NZ,1691028357
243,emerald,-23.5333,148.1667,22.41,48,0,7.8,AU,1691028778
244,bashtanka,47.4072,32.4387,19.31,83,99,3.25,UA,1691028852
245,zermatt,46.0213,7.7491,12.32,93,52,9.26,CH,1691028853
246,preston,53.7667,-2.7167,15.48,92,20,1.85,GB,1691028853
247,keflavik,64.0049,-22.5624,11.95,87,40,5.14,IS,1691028322
248,eraan,9.0629,117.7016,31.26,62,82,2.92,PH,1691028853
249,codrington,-38.2667,141.9667,15.44,66,100,8.03,AU,1691028310
250,cannonvale,-20.2833,148.7,21.66,70,16,8.25,AU,1691028853
251,veinticinco de mayo,-35.4323,-60.1727,8.32,65,53,0.89,AR,1691028853
252,ejura,7.3856,-1.3562,21.93,94,98,3.3,GH,1691028853
253,qingguang,39.195,117.0267,30.97,71,12,6.07,CN,1691028853
254,strathalbyn,-35.2667,138.9,22.07,55,16,8.3,AU,1691028853
255,manismata,-2.4667,111.0333,28.92,63,65,2.65,ID,1691028801
256,pitimbu,-7.4706,-34.8086,23.33,83,79,7.02,BR,1691028854
257,thohoyandou,-22.9456,30.485,12.08,87,100,2.57,ZA,1691028854
258,ambon,-3.6954,128.1814,27.08,83,40,1.03,ID,1691028854
259,lazarevskoye,43.9061,39.3331,22.41,82,57,1.9,RU,1691028854
260,la passe,45.5549,-0.8967,17.77,79,37,9.31,FR,1691028314
261,leua,48.2156,18.6071,19.72,67,1,3.55,SK,1691028356
262,tual,-5.6667,132.75,26.05,83,33,9.16,ID,1691028854
263,somerset,40.5668,-74.5496,22.7,66,0,1.54,US,1691028854
264,ketchikan,55.3422,-131.6461,20.26,60,0,3.6,US,1691028854
265,mount gambier,-37.8333,140.7667,16.38,55,56,6.12,AU,1691028268
266,tsiombe,-25.3,45.4833,18.58,60,43,5.42,MG,1691028855
267,duong dong,10.2167,103.9667,29.0,84,40,2.57,VN,1691028855
268,vilyuchinsk,52.9306,158.4028,15.15,88,99,0.47,RU,1691028351
269,sao joao da barra,-21.6403,-41.0511,20.61,80,0,4.34,BR,1691028233
270,queenstown,-31.8976,26.8753,7.04,50,0,2.9,ZA,1691028798
271,sisimiut,66.9395,-53.6735,5.4,89,99,0.56,GL,1691028349
272,midleton,51.9153,-8.1805,14.88,90,97,7.28,IE,1691028727
273,nizhniy odes,63.6445,54.856,18.02,69,3,1.54,RU,1691028855
274,motomachi,43.8228,144.1044,28.01,74,75,2.06,JP,1691028855
275,hirado,33.3597,129.5531,29.55,68,32,0.52,JP,1691028855
276,newman,37.3138,-121.0208,33.19,45,0,2.68,US,1691028784
277,inhambane,-23.865,35.3833,18.78,68,96,4.18,MZ,1691028856
278,callao,-12.0667,-77.15,21.16,68,100,4.63,PE,1691028795
279,hovd,48.0056,91.6419,21.43,45,0,1.41,MN,1691028856
280,cabinda,-5.55,12.2,19.83,90,98,1.32,AO,1691028856
281,tralee,52.2704,-9.7026,13.84,92,100,7.04,IE,1691028341
282,colares,38.7992,-9.4469,19.43,72,16,9.83,PT,1691028856
283,portland,45.5234,-122.6762,30.99,31,0,4.63,US,1691028637
284,grass valley,39.2191,-121.0611,27.59,38,0,2.06,US,1691028806
285,pangkalanbuun,-2.6833,111.6167,29.84,61,22,2.1,ID,1691028856
286,pinsk,52.1229,26.0951,14.47,93,69,3.39,BY,1691028856
287,kapoeta,4.7717,33.5903,22.03,75,96,1.09,SS,1691028856
288,alaghsas,17.0187,8.0168,32.01,41,100,6.46,NE,1691028857
289,villa canas,-34.0057,-61.6076,14.4,10,8,6.23,AR,1691028857
290,al kharijah,25.4514,30.5464,30.8,21,2,4.48,EG,1691028330
291,manta,-0.95,-80.7333,26.67,69,40,6.26,EC,1691028857
292,villa rica,33.7321,-84.9191,27.78,84,86,2.68,US,1691028857
293,al ghayzah,16.2079,52.176,25.99,89,12,2.33,YE,1691028338
294,camabatela,-8.1881,15.375,14.38,71,94,0.39,AO,1691028680
295,necochea,-38.5473,-58.7368,8.27,52,95,7.59,AR,1691028857
296,pangody,65.85,74.4859,20.94,56,7,6.2,RU,1691028858
297,rikaze,29.25,88.8833,16.02,55,92,1.3,CN,1691028858
298,mount pleasant,32.7941,-79.8626,26.67,73,0,3.09,US,1691028858
299,pointe-noire,-4.7761,11.8635,21.04,88,100,1.54,CG,1691028339
300,aleksandrov gay,50.147,48.5704,25.11,44,100,4.6,RU,1691028858
301,perelyub,51.8667,50.3667,21.77,51,94,2.2,RU,1691028858
302,hami,42.8,93.45,33.12,19,0,6.59,CN,1691028356
303,severobaykal'sk,55.65,109.3167,17.69,72,100,1.25,RU,1691028858
304,karratha,-20.7377,116.8463,23.0,70,100,2.42,AU,1691028350
305,la'ie,21.6477,-157.9253,30.98,67,4,7.76,US,1691028309
306,dimbokro,6.6451,-4.7048,22.16,98,100,2.03,CI,1691028859
307,dali,25.7,100.1833,19.99,83,97,0.55,CN,1691028859
308,arkhangel'sk,64.5401,40.5433,17.15,81,98,1.66,RU,1691028859
309,broome,42.2506,-75.833,19.21,77,0,2.06,US,1691028775
310,ciudad lazaro cardenas,17.9583,-102.2,28.08,81,100,1.55,MX,1691028859
311,khao wong,16.7001,104.0902,24.19,96,100,4.91,TH,1691028859
312,shache,38.4167,77.2406,29.49,23,100,1.83,CN,1691028859
313,kashgar,39.4547,75.9797,28.04,23,11,3.38,CN,1691028859
314,santa marta,11.2408,-74.199,28.83,84,0,1.34,CO,1691028817
315,sao tome,0.3365,6.7273,22.99,77,90,2.42,ST,1691028859
316,lockwood,45.8191,-108.4149,25.72,44,75,6.17,US,1691028789
317,shambu,9.5667,37.1,10.08,92,98,0.52,ET,1691028860
318,kribi,2.95,9.9167,23.82,86,100,2.53,CM,1691028860
319,saida,34.8303,0.1517,18.88,27,0,1.61,DZ,1691028860
320,xining,36.6167,101.7667,22.19,55,100,1.33,CN,1691028358
321,charters towers,-20.1,146.2667,23.28,42,6,7.3,AU,1691028860
322,berdigestyakh,62.0989,126.6992,18.98,51,100,1.01,RU,1691028860
323,tofol,5.3248,163.0078,28.62,73,10,4.2,FM,1691028335
324,mount isa,-20.7333,139.5,25.87,38,5,7.72,AU,1691028326
325,ormara,25.2088,64.6357,27.55,81,45,4.7,PK,1691028860
326,heroica matamoros,25.8833,-97.5,30.94,73,0,6.69,MX,1691028858
327,solleftea,63.1667,17.2667,14.92,95,100,1.79,SE,1691028861
328,al bayda,32.7627,21.7551,23.09,51,0,1.87,LY,1691028861
329,thakurganj,26.45,88.1333,28.12,83,100,5.78,IN,1691028861
330,cape canaveral,28.4058,-80.6048,29.43,81,0,2.06,US,1691028747
331,susuman,62.7833,148.1667,14.96,43,93,7.55,RU,1691028329
332,noosa heads,-26.3833,153.15,21.85,53,0,6.32,AU,1691028367
333,porto barra do ivinheima,-22.9667,-53.6667,19.3,49,0,1.36,BR,1691028861
334,kumagunnam,13.1551,10.6342,28.5,58,93,4.9,NG,1691028861
335,hirara,24.8,125.2833,26.15,100,75,22.12,JP,1691028358
336,shuangjiang,26.1547,109.7138,24.33,85,100,0.82,CN,1691028862
337,paso de carrasco,-34.8603,-56.0522,13.47,67,100,8.23,UY,1691028862
338,val-d'or,48.1002,-77.7828,16.05,94,100,5.66,CA,1691028862
339,aktau,43.65,51.2,25.32,47,8,4.27,KZ,1691028862
340,flin flon,54.7682,-101.865,20.63,59,86,2.45,CA,1691028795
341,kosh-agach,50.0,88.6667,17.7,41,62,0.46,RU,1691028862
342,balqash,46.8481,74.995,23.33,53,0,3.0,KZ,1691028862
343,tabuk,17.4189,121.4443,24.75,94,100,0.85,PH,1691028862
344,ghormach,35.7306,63.7826,28.07,23,0,1.86,AF,1691028863
345,ellsworth,44.5434,-68.4195,17.38,87,0,2.57,US,1691028863
346,homer,59.6425,-151.5483,21.69,77,0,7.72,US,1691028605
347,cavalaire-sur-mer,43.174,6.5272,25.4,67,0,0.89,FR,1691028863
348,lander,42.833,-108.7307,19.33,79,40,0.0,US,1691028863
349,bel ombre,-4.6167,55.4167,25.91,83,40,4.63,SC,1691028345
350,pandan,14.0453,124.1694,30.81,67,100,5.95,PH,1691028772
351,zhezqazghan,47.7833,67.7667,21.32,40,0,2.0,KZ,1691028864
352,lyuban',52.7985,28.0048,14.65,94,0,1.86,BY,1691028864
353,mahina,-17.5065,-149.489,27.87,65,75,4.63,PF,1691028864
354,constantia,44.1833,28.65,19.38,75,0,3.95,RO,1691028246
355,gurupa,-1.405,-51.64,24.98,73,47,0.99,BR,1691028864
356,moroni,-11.7022,43.2551,23.66,78,34,8.19,KM,1691028864
357,timimoun,29.2639,0.231,34.21,10,0,5.14,DZ,1691028865
358,xilin hot,43.9667,116.0333,30.86,38,83,7.86,CN,1691028323
359,santarem,-2.4431,-54.7083,29.07,84,0,2.06,BR,1691028865
360,nedumangad,8.6,77.0,26.6,89,40,3.09,IN,1691028865
361,broken hill,-31.95,141.4333,19.79,29,95,7.14,AU,1691028353
362,east london,-33.0153,27.9116,15.67,37,0,3.85,ZA,1691028316
363,christchurch,-43.5333,172.6333,10.18,80,100,4.12,NZ,1691028709
364,cumana,10.4635,-64.1775,26.5,84,92,3.64,VE,1691028865
365,kununurra,-15.7667,128.7333,28.99,26,0,4.63,AU,1691028774
366,usogorsk,63.4106,48.6872,17.99,77,38,1.55,RU,1691028799
367,warrnambool,-38.3833,142.4833,17.96,60,100,8.24,AU,1691028685
368,mentekab,3.4854,102.3484,28.86,92,76,1.34,MY,1691028866
369,vitry-le-francois,48.7333,4.5833,17.23,84,100,10.37,FR,1691028866
370,serafimovich,49.5786,42.736,20.84,75,25,1.12,RU,1691028866
371,ulaangom,49.9811,92.0667,22.35,44,2,1.41,MN,1691028866
372,namtsy,62.7161,129.6658,23.0,36,45,0.79,RU,1691028866
373,taro,-8.3862,115.28,24.0,63,54,1.0,ID,1691028866
374,nuuk,64.1835,-51.7216,7.34,93,100,1.03,GL,1691028867
375,hotan,37.0997,79.9269,27.53,29,96,10.06,CN,1691028808
376,mata-utu,-13.2816,-176.1745,27.56,77,9,7.0,WF,1691028068
377,sabang,5.8933,95.3214,28.47,74,100,9.24,ID,1691028867
378,trincomalee,8.5711,81.2335,27.45,76,12,9.83,LK,1691028329
379,awjilah,29.1081,21.2869,27.59,46,0,3.99,LY,1691028797
380,al jawf,29.5,38.75,25.64,31,0,5.8,SA,1691028867
381,kourou,5.1552,-52.6478,25.03,87,30,3.87,GF,1691028867
382,jackson,42.4165,-122.8345,32.93,27,0,7.2,US,1691028867
383,tamarin,-20.3256,57.3706,23.31,81,76,5.01,MU,1691028685
384,peterhead,57.5058,-1.7981,13.22,95,100,8.95,GB,1691028868
385,san juan del sur,11.2529,-85.8705,26.95,81,100,6.65,NI,1691028868
386,ponta delgada,37.7333,-25.6667,23.4,88,20,0.51,PT,1691028868
387,mossel bay,-34.1831,22.146,14.96,39,15,3.06,ZA,1691028793
388,sredets,42.3475,27.179,22.06,64,4,0.66,BG,1691028868
389,sheridan,44.8333,-106.9173,24.83,51,20,2.06,US,1691028869
390,mabama,-5.1333,32.5333,20.5,50,100,3.49,TZ,1691028869
391,prainha,-1.8,-53.48,26.16,69,57,1.33,BR,1691028869
392,chegdomyn,51.1167,133.0167,23.34,46,74,1.71,RU,1691028869
393,el porvenir,13.7617,-87.3458,25.63,93,100,1.38,HN,1691028869
394,kavaratti,10.5669,72.642,28.21,77,100,6.65,IN,1691028338
395,zhangye,38.9342,100.4517,20.97,51,100,6.04,CN,1691028574
396,lepsy,46.235,78.9456,29.29,29,0,7.61,KZ,1691028870
397,ancud,-41.8697,-73.8203,3.89,78,8,1.65,CL,1691028337
398,malanje,-9.5402,16.341,17.35,30,57,1.54,AO,1691028870
399,belalcazar,2.6547,-75.9928,13.68,96,43,1.32,CO,1691028870
400,kulhudhuffushi,6.6221,73.07,27.9,74,53,4.29,MV,1691028870
401,idrinskoye,54.3708,92.1358,24.34,56,2,1.02,RU,1691028870
402,nagqu,31.5,92.0,9.0,80,99,0.25,CN,1691028870
403,chui,-33.6971,-53.4616,14.79,77,91,6.92,UY,1691028870
404,new plymouth,-39.0667,174.0833,9.06,39,1,1.59,NZ,1691028636
405,hammerfest,70.6634,23.6821,21.25,64,100,6.17,NO,1691028338
406,shalqar,47.8333,59.6,24.03,44,0,3.92,KZ,1691028870
407,yambio,4.5721,28.3955,18.37,94,59,2.14,SS,1691028871
408,lesosibirsk,58.2358,92.4828,23.37,66,48,1.67,RU,1691028871
409,hazorasp,41.3194,61.0742,24.91,21,0,4.49,UZ,1691028871
410,abaza,52.655,90.0928,22.47,60,75,0.33,RU,1691028871
411,bargaal,11.2864,51.0773,29.93,50,96,13.1,SO,1691028871
412,nemuro,43.3236,145.575,20.93,81,100,8.15,JP,1691028318
413,ocean city,39.2776,-74.5746,22.21,74,58,1.34,US,1691028797
414,novyy urgal,51.0736,132.5642,22.58,48,86,1.95,RU,1691028871
415,punta alta,-38.8759,-62.0736,6.15,65,5,0.62,AR,1691028778
416,katsuura,35.1333,140.3,29.1,73,98,6.22,JP,1691028803
417,itsa,29.2376,30.7894,25.94,56,0,3.64,EG,1691028871
418,medina,24.4686,39.6142,31.24,18,0,2.06,SA,1691028281
419,abuja,9.0574,7.4898,21.23,98,94,1.22,NG,1691028872
420,cabo san lucas,22.8909,-109.9124,33.67,62,0,8.23,MX,1691028603
421,urumqi,43.801,87.6005,27.53,30,0,7.0,CN,1691028748
422,port augusta,-32.5,137.7667,21.8,31,100,10.58,AU,1691028781
423,hazaribagh,23.9833,85.35,22.89,97,100,6.76,IN,1691028872
424,les cayes,18.2,-73.75,26.77,83,10,1.66,HT,1691028772
425,zhumysker,49.3333,49.4,26.14,36,100,3.57,KZ,1691028873
426,griffin,33.2468,-84.2641,28.11,70,0,3.09,US,1691028573
427,jurm,36.8648,70.8342,23.51,33,0,0.29,AF,1691028873
428,taltal,-25.4,-70.4833,13.26,91,58,1.19,CL,1691028055
429,quellon,-43.1167,-73.6167,4.14,81,75,1.54,CL,1691028371
430,praia da vitoria,38.7333,-27.0667,24.31,100,75,6.39,PT,1691028788
431,tavda,58.0425,65.2726,17.21,94,12,2.46,RU,1691028873
432,les anglais,18.3054,-74.2197,27.55,81,27,0.91,HT,1691028873
433,mingguang,32.7802,117.9638,31.1,66,6,3.42,CN,1691028874
434,shimoda,34.6667,138.95,34.5,67,1,4.41,JP,1691028334
435,alice springs,-23.7,133.8833,24.75,23,2,6.69,AU,1691028351
436,puerto aysen,-45.4,-72.7,3.79,100,100,2.29,CL,1691028323
437,mahabad,36.7631,45.7222,21.52,25,0,0.98,IR,1691028874
438,mogocha,53.7333,119.7667,22.01,35,61,3.55,RU,1691028356
439,los fresnos,26.0717,-97.4764,30.99,78,0,6.69,US,1691028874
440,shimanovsk,52.0,127.7,24.13,29,100,3.65,RU,1691028874
441,khamis mushait,18.3064,42.7292,19.58,59,0,0.0,SA,1691028874
442,kayenta,36.7278,-110.2546,21.44,52,97,9.78,US,1691028874
443,nehe,48.4833,124.8333,17.54,71,100,5.55,CN,1691028874
444,imuris,30.7833,-110.8667,33.27,27,0,3.83,MX,1691028874
445,ataq,14.5377,46.8319,26.28,42,98,3.0,YE,1691028335
446,pacific grove,36.6177,-121.9166,20.67,83,75,4.63,US,1691028363
447,arno,60.1167,18.6333,15.99,94,51,2.39,SE,1691028875
448,sabzevar,36.2126,57.6819,27.41,24,0,1.64,IR,1691028875
449,kuching,1.55,110.3333,27.24,86,40,2.68,MY,1691028808
450,massawa,15.6097,39.45,34.73,50,100,0.91,ER,1691028875
451,severodvinsk,64.5635,39.8302,16.37,83,100,2.17,RU,1691028875
452,arauca,7.0847,-70.7591,23.98,94,40,1.54,CO,1691028875
453,port saint john's,-31.6229,29.5448,14.01,68,0,3.41,ZA,1691028337
454,cidreira,-30.1811,-50.2056,18.53,88,15,2.42,BR,1691028317
455,katsuren-haebaru,26.3369,127.8719,28.01,94,100,14.83,JP,1691028796
456,kuta,-8.7233,115.1723,27.97,78,20,5.36,ID,1691028649
457,paulista florida,-21.6,-51.2,19.57,40,0,2.28,BR,1691028875
458,fonte boa,-2.4959,-66.2662,23.56,96,93,0.46,BR,1691028875
459,aasiaat,68.7098,-52.8699,3.25,92,100,1.19,GL,1691028317
460,kuznetsk,53.1167,46.6004,17.68,88,99,2.49,RU,1691028876
461,chibougamau,49.9168,-74.3659,16.79,59,0,3.09,CA,1691028142
462,as sulayyil,20.4607,45.5779,33.14,13,47,7.53,SA,1691028358
463,maceio,-9.6658,-35.7353,22.69,100,100,1.03,BR,1691028876
464,margate,51.3813,1.3862,16.06,93,100,3.58,GB,1691028340
465,itoman,26.1247,127.6694,28.01,89,75,15.95,JP,1691028876
466,g'uzor,38.6214,66.2522,27.02,24,0,2.13,UZ,1691028876
467,beroroha,-21.6667,45.1667,16.0,80,0,2.11,MG,1691028876
468,yanam,16.7333,82.2167,27.72,75,100,4.88,IN,1691028360
469,sandnessjoen,66.0217,12.6316,14.29,90,100,4.42,NO,1691028876
470,aras-asan,8.8908,126.3033,30.07,67,61,1.12,PH,1691028876
471,ilomantsi,62.6716,30.9328,18.16,99,100,1.15,FI,1691028876
472,bol,13.4586,14.7147,27.02,79,55,5.76,TD,1691028877
473,ath thawrah,35.8469,38.5443,25.14,61,0,8.64,SY,1691028877
474,sao vicente,-23.9631,-46.3919,26.26,64,0,1.45,BR,1691028877
475,san juan de uraba,8.7592,-76.5297,26.9,82,0,2.2,CO,1691028877
476,moscow,55.7522,37.6156,19.1,87,66,1.53,RU,1691028497
477,ribas do rio pardo,-20.4431,-53.7592,21.06,38,0,1.2,BR,1691028877
478,busselton,-33.65,115.3333,10.85,70,38,3.97,AU,1691028877
479,fort mcmurray,56.7268,-111.381,20.77,68,0,1.54,CA,1691028749
480,nieuw amsterdam,5.8833,-55.0833,27.79,84,92,2.44,SR,1691028877
481,cova figueira,14.8905,-24.2934,23.04,85,33,4.65,CV,1691028323
482,kuala lumpur,3.1431,101.6865,30.7,77,80,1.18,MY,1691028808
483,lorengau,-2.0226,147.2712,29.11,70,98,6.52,PG,1691028878
484,camaqua,-30.8511,-51.8122,18.29,91,15,2.18,BR,1691028878
485,bredy,52.4153,60.3411,18.43,82,5,2.69,RU,1691028878
486,rakops,-21.0167,24.3333,12.15,68,2,6.16,BW,1691028878
487,bouar,5.934,15.596,18.74,94,100,0.99,CF,1691028878
488,hailar,49.2,119.7,15.12,88,100,11.4,CN,1691028350
489,holualoa,19.6228,-155.9522,25.91,80,100,4.63,US,1691028308
490,mesudiye,40.4625,37.7725,17.52,66,0,0.92,TR,1691028878
491,rundu,-17.9333,19.7667,13.08,51,2,3.22,NA,1691028878
492,bethanie,-26.4833,17.15,12.16,31,0,3.23,NA,1691028878
493,jayapura,-2.5333,140.7,28.66,74,95,0.95,ID,1691028327
494,palikir - national government center,6.9248,158.1611,31.41,70,75,2.57,FM,1691028879
495,santa elena de uairen,4.6167,-61.1333,19.7,91,94,0.35,VE,1691028773
496,okhotsk,59.3833,143.3,19.64,49,100,4.12,RU,1691028879
497,kolonia town,6.964,158.206,32.0,70,75,2.57,FM,1691028308
498,sainte-anne-des-monts,49.124,-66.4924,15.93,63,78,3.6,CA,1691028879
499,kolpashevo,58.3131,82.9089,19.53,87,99,2.46,RU,1691028879
500,choyr,46.3611,108.3611,20.78,60,18,9.05,MN,1691028793
501,bardai,11.65,7.2333,21.78,93,91,3.63,NG,1691028774
502,tazovsky,67.4667,78.7,13.64,58,11,4.56,RU,1691028339
503,saint-philippe,-21.3585,55.7679,20.77,86,62,4.18,RE,1691028313
504,nuku'alofa,-21.1333,-175.2,24.19,69,40,7.2,TO,1691028879
505,lamar,33.6668,-95.5836,32.58,34,13,1.89,US,1691028879
506,'alaqahdari dishu,30.4374,63.313,29.19,19,0,6.83,AF,1691028778
507,shevchenko,48.5,35.0,21.04,72,95,2.0,UA,1691028879
508,san fernando,15.0286,120.6898,30.85,84,98,5.0,PH,1691028880
509,maun,-19.9833,23.4167,13.98,54,0,4.63,BW,1691028816
510,bontang,0.1333,117.5,28.22,74,10,2.77,ID,1691028880
511,cole harbour,44.6724,-63.4751,15.66,83,0,2.57,CA,1691028880
512,puerto maldonado,-12.6,-69.1833,23.9,53,0,0.05,PE,1691028880
513,esmeraldas,-19.7625,-44.3139,18.48,55,0,1.39,BR,1691028163
514,point pedro,9.8167,80.2333,28.21,76,34,7.26,LK,1691028880
515,brits,-25.6347,27.7802,8.43,76,0,1.87,ZA,1691028880
516,coquimbo,-29.9533,-71.3436,14.85,88,100,2.57,CL,1691028635
517,kemi,65.8596,24.8228,17.87,94,75,5.14,FI,1691028880
518,fada,9.5667,8.3,19.3,98,100,0.86,NG,1691028339
519,mahibadhoo,3.7833,72.9667,27.64,73,56,2.4,MV,1691028880
520,tazacorte,28.629,-17.9293,23.97,73,75,8.75,ES,1691028359
521,manggar,-2.8833,108.2667,28.74,73,86,6.26,ID,1691028806
522,garissa,-0.4536,39.6401,22.09,81,97,5.66,KE,1691028881
523,argo,37.6333,22.7333,24.32,55,0,1.84,GR,1691028369
524,coruripe,-10.1256,-36.1756,23.54,84,91,5.32,BR,1691028881
525,lata,40.1629,-8.3327,15.6,96,25,1.35,PT,1691028366
526,dickinson,29.4608,-95.0513,32.27,77,0,3.09,US,1691028881
527,maputo,-25.9653,32.5892,11.82,87,20,1.54,MZ,1691028881
528,kozhevnikovo,56.2589,83.9714,21.67,75,100,1.71,RU,1691028881
529,kirakira,-10.4544,161.9205,25.36,91,100,6.73,SB,1691028341
530,beinamar,8.6698,15.3813,21.79,95,100,1.46,TD,1691028881
531,kingston,17.997,-76.7936,30.53,83,40,6.17,JM,1691028171
532,pangai,-19.8,-174.35,23.06,88,75,8.23,TO,1691028882
533,suntar,62.1444,117.6319,23.9,37,1,1.72,RU,1691028369
534,nova vicosa,-17.8919,-39.3719,20.17,80,0,2.03,BR,1691028545
535,huarmey,-10.0681,-78.1522,19.41,83,29,3.51,PE,1691028310
536,sao joao de pirabas,-0.7747,-47.1772,25.34,85,23,3.31,BR,1691028882
537,turkmenbasy,40.0222,52.9552,24.43,78,0,3.09,TM,1691028882
538,solnechnyy,50.7214,136.6319,20.04,51,60,3.86,RU,1691028781
539,carbonear,47.7332,-53.2148,17.57,92,100,3.4,CA,1691028882
540,port alfred,-33.5906,26.891,16.17,43,0,4.05,ZA,1691028325
541,paraty,-23.2178,-44.7131,20.02,66,0,1.85,BR,1691028882
542,saint-francois,46.4154,3.9054,15.69,77,0,3.09,FR,1691028882
543,dellys,36.9172,3.9131,27.74,51,0,2.23,DZ,1691028883
544,dolores,-36.3132,-57.6792,7.64,71,66,2.87,AR,1691028883
545,kasulu,-4.5767,30.1025,19.95,47,86,1.6,TZ,1691028883
546,puerto armuelles,8.2833,-82.8667,27.83,70,100,1.34,PA,1691028334
547,pont rouge,48.8833,-72.0825,17.16,67,100,3.46,CA,1691028883
548,rabo de peixe,37.8,-25.5833,22.73,88,20,2.57,PT,1691028326
549,ratnagiri,16.9833,73.3,26.13,85,100,6.96,IN,1691028883
550,acapulco de juarez,16.8634,-99.8901,29.9,66,100,3.09,MX,1691028798
551,geraldton,-28.7667,114.6,13.23,82,40,4.63,AU,1691028051
552,agaro,7.85,36.65,14.97,98,100,0.71,ET,1691028883
553,al jahra',29.3375,47.6581,38.68,13,0,5.82,KW,1691028883
554,sinop,41.7711,34.8709,18.59,78,6,0.71,TR,1691028883
555,kayangel,8.0823,134.7173,26.92,80,99,2.53,PW,1691028329
556,makoua,0.0069,15.6333,23.77,72,99,1.16,CG,1691028884
557,dehdasht,30.7949,50.5646,30.13,16,0,1.52,IR,1691028884
558,ponoka,52.6768,-113.5815,22.72,61,31,5.75,CA,1691028773
559,arizona city,32.7559,-111.671,39.36,22,25,5.04,US,1691028884
560,kamina,-8.7386,24.9906,15.57,48,5,2.01,CD,1691028884
561,pljevlja,43.3333,19.3333,14.84,90,0,2.02,ME,1691028884
562,nosy varika,-20.5833,48.5333,19.46,88,94,4.97,MG,1691028884
563,minjur,13.2667,80.2667,30.01,60,100,6.52,IN,1691028884
564,coshocton,40.272,-81.8596,21.14,93,83,0.89,US,1691028737
565,gulf shores,30.246,-87.7008,30.04,70,0,0.0,US,1691028343
566,chasong,41.4608,126.6414,26.94,72,100,3.22,KP,1691028884
567,barcelos,41.5388,-8.6151,16.58,94,2,2.33,PT,1691028885
568,as safirah,36.077,37.3725,23.32,79,0,5.92,SY,1691028885
569,mayna,54.1135,47.6231,17.54,62,16,1.46,RU,1691028885
570,labrador city,52.9463,-66.9114,10.95,87,75,1.03,CA,1691028345
571,neunkirchen,49.35,7.1833,16.8,81,75,11.32,DE,1691028885
572,northam,51.0333,-4.2167,16.33,93,98,6.9,GB,1691028366
573,tura,25.5198,90.2201,25.71,87,100,2.9,IN,1691028337
574,kiunga,-6.1219,141.2906,27.48,68,95,2.33,PG,1691028371
575,beira,-19.8436,34.8389,20.05,93,75,6.26,MZ,1691028367
576,gaiman,-43.2897,-65.4929,6.81,37,0,9.61,AR,1691028885
577,plymouth,41.8334,-70.8328,19.43,74,0,0.0,US,1691028885
578,hanover,52.3705,9.7332,17.21,91,20,4.63,DE,1691028587
579,inirida,3.8653,-67.9239,23.54,96,100,0.85,CO,1691028885
580,cuamba,-14.8031,36.5372,13.17,89,0,2.69,MZ,1691028345
581,rioja,-29.4111,-66.8507,22.62,34,10,4.42,AR,1691028885
582,campbell river,50.0163,-125.2446,22.21,46,40,1.54,CA,1691028885
583,richards bay,-28.783,32.0377,13.57,81,0,3.36,ZA,1691028774
584,ust-tsilma,65.441,52.1498,18.29,66,12,1.41,RU,1691028887
585,pallasovka,50.05,46.8833,23.8,47,100,3.67,RU,1691028887
586,mwene-ditu,-7.0,23.45,19.03,38,0,2.25,CD,1691028887
587,naze,28.3667,129.4833,28.51,90,100,10.47,JP,1691028887
588,changling,44.2653,124.0005,26.88,87,100,5.42,CN,1691028887
589,midvagur,62.0511,-7.1939,10.46,93,100,9.77,FO,1691028786
590,al wafrah,28.6392,47.9306,34.93,11,0,5.88,KW,1691028887
591,san benito abad,8.929,-75.0271,26.01,87,0,2.73,CO,1691028887
592,pudasjarvi,65.3833,26.9167,17.03,97,100,3.83,FI,1691028887
593,kuanda,56.3161,116.0806,20.21,59,86,1.96,RU,1691028336
594,joao camara,-5.5375,-35.8197,21.32,96,6,3.45,BR,1691028683
595,shingu,33.7333,135.9833,30.36,67,70,2.98,JP,1691028346
